	1 features	2 features	3 features	4 features	5 features	6 features	7 features
R2	0.98594	0.99496	0.99571	0.99529	0.99851	0.99791	0.99793
R2_adj	0.98506	0.99429	0.9948	0.99384	0.99789	0.99677	0.99647
internal_migration - Foreign country	2.6341706018603814e-06	5.009213353299497e-06	5.009624479334984e-06	7.060493931877092e-06	9.062732321268082e-06	7.319450378417969e-05	1.621246337890625e-05
Alcoholic beverages and tobacco		-0.0008055878838997797	-0.004061762206895025	-0.06926967799260808	-0.1020646844847306	-0.0606689453125	-0.0078125
Communications			0.002002689064942942	0.05313159579986859	0.08088726410632319	0.0386962890625	0.00634765625
Furniture, articles and services for the house				-0.008348817982201773	-0.0135169110440021	0.00030517578125	-0.0010986328125
reach_difficulty - Pharmacy					-0.00023514200305835287	0.001194000244140625	0.0011749267578125
Free activities in voluntary associations						-0.0051422119140625	0.000152587890625
native population - Total							-1.6205012798309326e-07
