	1 features	2 features	3 features	4 features	5 features	6 features	7 features
R2	0.99455	0.99458	0.99776	0.99796	0.99784	0.99704	0.99651
R2_adj	0.99421	0.99386	0.99728	0.99733	0.99694	0.99543	0.99407
Accommodation and catering services	0.0002927118620072331	0.00030526380415776475	-0.000723738358471504	-0.0011664293812168602	-0.0010259090823020456	-0.00074005126953125	-0.000152587890625
Free activity for a union		-4.666123650027415e-05	-0.010737013843977739	-0.011983896467380295	-0.007379481843905467	-0.0084991455078125	-0.0062103271484375
political_info - Every day			0.00040246387196046784	0.000842678904853178	-0.0007344468557604067	0.00030517578125	0.000274658203125
Meetings in ecological associations, for civil rights, for peace				-0.009031103323090761	0.014328380317934375	0.000244140625	-0.00146484375
Free activities in voluntary associations					0.0019975941952132814	0.000457763671875	9.1552734375e-05
native population - Total						-2.8870999813079834e-08	-2.750311978161335e-09
Housing, water, electricity, gas and other fuels							-1.71661376953125e-05
