	1 features	2 features	3 features	4 features	5 features	6 features	7 features
R2	0.99676	0.99952	0.99978	0.99982	0.99982	0.9969	0.99974
R2_adj	0.99665	0.99949	0.99976	0.99979	0.99978	0.9961	0.99965
internal_migration - Foreign country	1.2202084959803106e-06	2.6628778540375116e-06	1.468190006687718e-06	1.184688380454521e-06	1.3007745153781336e-06	-5.7220458984375e-06	-1.1920928955078125e-07
work_satisfaction - Not at all		-0.01691835353270188	-0.046950791264516845	-0.048522801739358634	-0.04851777447060268	-0.05908203125	-0.060546875
native population - Total			1.5656983313458555e-08	2.185010015221393e-08	2.3507004881691274e-08	-4.470348358154297e-08	2.7474015951156616e-08
political_info - Some times in a month				-6.80750673361652e-05	-8.448134657257356e-05	0.00048828125	0.00030517578125
Pay money to an association					-9.539503979638653e-06	0.00042724609375	6.866455078125e-05
reach_difficulty - Supermarket						0.0001373291015625	-0.000213623046875
Health services and health expenditure							-0.000152587890625
