	1 features	2 features	3 features	4 features	5 features	6 features	7 features
R2	0.42365	0.99056	0.99925	0.99912	0.99988	0.99889	0.96947
R2_adj	0.40307	0.98986	0.99917	0.99898	0.99986	0.9986	0.95976
internal_migration - Foreign country	1.1003516212666132e-05	3.578081824223505e-05	3.756728073349633e-05	3.749450685899098e-05	-0.00023468860842434935	1.9073486328125e-05	2.956390380859375e-05
Education		-0.03390078763366672	-0.025959310140301062	-0.025932192971640233	0.2352672897075081	-0.0010986328125	0.025390625
reach_difficulty - Pharmacy			-0.0004070626338094699	-0.00035237665402365614	-0.03948869400406352	-0.002532958984375	-0.001190185546875
political_info - Never				-2.2265756216527377e-05	0.006434205118043934	0.000194549560546875	0.000152587890625
Free activity for a union					0.24298107926733792	0.0230712890625	0.007568359375
Average age of fathers at birth						-0.025543212890625	-0.03515625
Health services and health expenditure							-0.002197265625
