	1 features	2 features	3 features	4 features	5 features	6 features	7 features
R2	0.97867	0.99965	0.99986	0.9999	0.99995	0.99985	0.99937
R2_adj	0.97791	0.99962	0.99984	0.99988	0.99994	0.99981	0.99917
internal_migration - Foreign country	3.5029362094421507e-06	8.12098139382597e-06	5.0847974690282935e-06	4.453562050821974e-06	2.570894957587555e-06	4.887580871582031e-06	-9.5367431640625e-07
Total fertility rate		-0.13281130755956472	-0.2622306193890189	-0.27305864720025497	1.2972027941723354	-0.625	0.125
Meetings in ecological associations, for civil rights, for peace			0.0013828382075273538	0.0017109008452046437	0.0030871654026327633	0.001220703125	-0.00048828125
Clothing and footwear				-5.318057416324462e-05	-0.00029709304938307923	4.57763671875e-05	6.103515625e-05
Average age of fathers at birth					-0.06270794390366063	0.015625	-0.01953125
Meetings in cultural, recreational or other associations						-5.340576171875e-05	0.0009765625
Health services and health expenditure							-0.0003662109375
