	1 features	2 features	3 features	4 features	5 features	6 features	7 features
R2	0.85066	0.98797	0.99854	0.99857	0.99854	0.99594	0.9985
R2_adj	0.84532	0.98708	0.99837	0.99834	0.99823	0.99488	0.99802
internal_migration - Foreign country	8.336483583406916e-06	2.8339766120858486e-05	2.6817718411236286e-05	2.7351773454903372e-05	2.9543400271753173e-05	2.7179718017578125e-05	2.86102294921875e-05
Accommodation and catering services		-0.0017706830408217855	-0.002059736368124669	-0.0023238192282587222	-0.0028303566293814697	-0.0028076171875	-0.0020751953125
Free activity for a union			0.001394236446530181	0.0012128521227618982	-0.0005088485398516696	0.0009765625	0.00018310546875
Housing, water, electricity, gas and other fuels				4.1386296156818714e-05	9.611117251040469e-05	0.0001373291015625	7.62939453125e-05
Average age of mothers at birth					0.006688356628046677	0.001953125	-0.00390625
Clothing and footwear						-0.0001373291015625	-0.00048828125
unemployment - Total							0.000732421875
