	1 features	2 features	3 features	4 features	5 features	6 features	7 features
R2	0.36099	0.9432	0.99835	0.99901	0.99976	0.99806	0.98901
R2_adj	0.33817	0.93899	0.99816	0.99885	0.99972	0.99756	0.98551
internal_migration - Foreign country	1.6108710274613944e-05	4.802552358874928e-05	4.4295295195973435e-05	4.3381461872858776e-05	6.959019976116032e-05	-4.76837158203125e-07	-2.47955322265625e-05
Education		-0.02987347263487733	-0.06337752100533667	-0.06860227400223984	-0.09686350809397481	-0.0352783203125	-0.0234375
Alcoholic beverages and tobacco			0.009802076776925017	0.009615764713858943	0.016952539944668388	0.000762939453125	-0.0009765625
work_satisfaction - Not at all				0.08365049276101821	0.4490080790837965	-0.38671875	-0.875
internal_migration - Italy					-9.519419660070083e-06	1.5109777450561523e-05	2.7179718017578125e-05
Free activity for a union						-0.001834869384765625	-0.001953125
Average age of fathers at birth							-0.0078125
